<manifest alg="2" build="2018.1.1.386" opt="false" iceEnabled="true" iceMarkupVersion="2" iceEnabledOptions="link,responsive,cachebuster,textStyling" exportTarget="other" domain="Pac-Tato.com" resolutions="1x" timestamp="1690854534355">
  <folder name="css">
    <file name="site_global.css" crc="444006867"/>
    <file name="index.css" crc="299008823" ref="index"/>
  </folder>
  <folder name="scripts">
    <file name="jquery-1.8.3.min.js" crc="209076791" ref="phone>index:tablet>index:index"/>
    <file name="museutils.js" crc="3939489907" ref="phone>index:tablet>index:index"/>
    <file name="whatinput.js" crc="86476730" ref="phone>index:tablet>index:index"/>
    <file name="museconfig.js" crc="3936894949" ref="phone>index:tablet>index:index"/>
    <file name="jquery.watch.js" crc="522499760" ref="phone>index:tablet>index:index"/>
    <file name="require.js" crc="4177726516" ref="phone>index:tablet>index:index"/>
  </folder>
  <folder name="images">
    <file name="sad potato174x201.png" crc="169547126" seo="true" ref="phone>index">
      <caption webpage="index" alt=""/>
    </file>
    <file name="sad potato.png" crc="417221526" seo="true" ref="tablet>index">
      <caption webpage="index" alt=""/>
    </file>
    <file name="favicon.ico" crc="14772218" ref="index"/>
    <file name="pac-tato arcade frame v2-crop-u94.png" crc="3964755976" seo="true" ref="index">
      <caption webpage="index" alt=""/>
    </file>
  </folder>
  <folder name="tablet">
    <folder name="css">
      <file name="index.css" crc="3761346149" ref="tablet>index"/>
    </folder>
    <file name="index.html" crc="325577625" seo="true" mt="1690602189205" redirect="true"/>
  </folder>
  <folder name="phone">
    <folder name="css">
      <file name="index.css" crc="3933795908" ref="phone>index"/>
    </folder>
    <file name="index.html" crc="270866941" seo="true" mt="1690602208889" redirect="true"/>
  </folder>
  <file name="index.html" crc="435896647" seo="true" mt="1690602046667" redirect="true"/>
</manifest>